DeathAgeGroupNCHSAgeNCHS,DeathCOD39ICDCode39Desc,Deaths,Population,SORT
< 1,Tuberculosis (A16-A19),0,147922,0
4-Jan,Tuberculosis (A16-A19),0,580087,2
14-May,Tuberculosis (A16-A19),0,1550154,4
15-24,Tuberculosis (A16-A19),0,1593522,6
25-34,Tuberculosis (A16-A19),0,1414429,8
35-44,Tuberculosis (A16-A19),0,1585776,10
45-54,Tuberculosis (A16-A19),2,1747772,12
55-64,Tuberculosis (A16-A19),4,1319693,14
65-74,Tuberculosis (A16-A19),4,792631,16
75-84,Tuberculosis (A16-A19),7,556222,18
85+,Tuberculosis (A16-A19),3,212260,20
Unk,Tuberculosis (A16-A19),0,0,22
< 1,Syphilis (A50-A53),0,147922,26
4-Jan,Syphilis (A50-A53),0,580087,28
14-May,Syphilis (A50-A53),0,1550154,30
15-24,Syphilis (A50-A53),0,1593522,32
25-34,Syphilis (A50-A53),0,1414429,34
35-44,Syphilis (A50-A53),0,1585776,36
45-54,Syphilis (A50-A53),0,1747772,38
55-64,Syphilis (A50-A53),0,1319693,40
65-74,Syphilis (A50-A53),0,792631,42
75-84,Syphilis (A50-A53),0,556222,44
85+,Syphilis (A50-A53),1,212260,46
Unk,Syphilis (A50-A53),0,0,48
< 1,Human immunodeficiency virus (HIV) disease (B20-B24),0,147922,52
4-Jan,Human immunodeficiency virus (HIV) disease (B20-B24),0,580087,54
14-May,Human immunodeficiency virus (HIV) disease (B20-B24),0,1550154,56
15-24,Human immunodeficiency virus (HIV) disease (B20-B24),4,1593522,58
25-34,Human immunodeficiency virus (HIV) disease (B20-B24),15,1414429,60
35-44,Human immunodeficiency virus (HIV) disease (B20-B24),79,1585776,62
45-54,Human immunodeficiency virus (HIV) disease (B20-B24),73,1747772,64
55-64,Human immunodeficiency virus (HIV) disease (B20-B24),28,1319693,66
65-74,Human immunodeficiency virus (HIV) disease (B20-B24),6,792631,68
75-84,Human immunodeficiency virus (HIV) disease (B20-B24),1,556222,70
85+,Human immunodeficiency virus (HIV) disease (B20-B24),0,212260,72
Unk,Human immunodeficiency virus (HIV) disease (B20-B24),0,0,74
< 1,Malignant neoplasm of stomach (C16),0,147922,78
4-Jan,Malignant neoplasm of stomach (C16),0,580087,80
14-May,Malignant neoplasm of stomach (C16),0,1550154,82
15-24,Malignant neoplasm of stomach (C16),1,1593522,84
25-34,Malignant neoplasm of stomach (C16),4,1414429,86
35-44,Malignant neoplasm of stomach (C16),11,1585776,88
45-54,Malignant neoplasm of stomach (C16),50,1747772,90
55-64,Malignant neoplasm of stomach (C16),58,1319693,92
65-74,Malignant neoplasm of stomach (C16),97,792631,94
75-84,Malignant neoplasm of stomach (C16),146,556222,96
85+,Malignant neoplasm of stomach (C16),78,212260,98
Unk,Malignant neoplasm of stomach (C16),0,0,100
< 1,Malignant neoplasms of colon rectum and anus (C18-C21),0,147922,104
4-Jan,Malignant neoplasms of colon rectum and anus (C18-C21),0,580087,106
14-May,Malignant neoplasms of colon rectum and anus (C18-C21),0,1550154,108
15-24,Malignant neoplasms of colon rectum and anus (C18-C21),1,1593522,110
25-34,Malignant neoplasms of colon rectum and anus (C18-C21),8,1414429,112
35-44,Malignant neoplasms of colon rectum and anus (C18-C21),44,1585776,114
45-54,Malignant neoplasms of colon rectum and anus (C18-C21),170,1747772,116
55-64,Malignant neoplasms of colon rectum and anus (C18-C21),392,1319693,118
65-74,Malignant neoplasms of colon rectum and anus (C18-C21),540,792631,120
75-84,Malignant neoplasms of colon rectum and anus (C18-C21),739,556222,122
85+,Malignant neoplasms of colon rectum and anus (C18-C21),541,212260,124
Unk,Malignant neoplasms of colon rectum and anus (C18-C21),0,0,126
< 1,Malignant neoplasm of pancreas (C25),0,147922,130
4-Jan,Malignant neoplasm of pancreas (C25),0,580087,132
14-May,Malignant neoplasm of pancreas (C25),0,1550154,134
15-24,Malignant neoplasm of pancreas (C25),0,1593522,136
25-34,Malignant neoplasm of pancreas (C25),3,1414429,138
35-44,Malignant neoplasm of pancreas (C25),20,1585776,140
45-54,Malignant neoplasm of pancreas (C25),121,1747772,142
55-64,Malignant neoplasm of pancreas (C25),266,1319693,144
65-74,Malignant neoplasm of pancreas (C25),379,792631,146
75-84,Malignant neoplasm of pancreas (C25),492,556222,148
85+,Malignant neoplasm of pancreas (C25),211,212260,150
Unk,Malignant neoplasm of pancreas (C25),0,0,152
< 1,Malignant neoplasms of trachea bronchus and lung (C33-C34),0,147922,156
4-Jan,Malignant neoplasms of trachea bronchus and lung (C33-C34),0,580087,158
14-May,Malignant neoplasms of trachea bronchus and lung (C33-C34),0,1550154,160
15-24,Malignant neoplasms of trachea bronchus and lung (C33-C34),2,1593522,162
25-34,Malignant neoplasms of trachea bronchus and lung (C33-C34),6,1414429,164
35-44,Malignant neoplasms of trachea bronchus and lung (C33-C34),95,1585776,166
45-54,Malignant neoplasms of trachea bronchus and lung (C33-C34),674,1747772,168
55-64,Malignant neoplasms of trachea bronchus and lung (C33-C34),1409,1319693,170
65-74,Malignant neoplasms of trachea bronchus and lung (C33-C34),2289,792631,172
75-84,Malignant neoplasms of trachea bronchus and lung (C33-C34),2268,556222,174
85+,Malignant neoplasms of trachea bronchus and lung (C33-C34),699,212260,176
Unk,Malignant neoplasms of trachea bronchus and lung (C33-C34),0,0,178
< 1,Malignant neoplasm of breast (C50),0,147922,182
4-Jan,Malignant neoplasm of breast (C50),0,580087,184
14-May,Malignant neoplasm of breast (C50),0,1550154,186
15-24,Malignant neoplasm of breast (C50),1,1593522,188
25-34,Malignant neoplasm of breast (C50),18,1414429,190
35-44,Malignant neoplasm of breast (C50),79,1585776,192
45-54,Malignant neoplasm of breast (C50),262,1747772,194
55-64,Malignant neoplasm of breast (C50),357,1319693,196
65-74,Malignant neoplasm of breast (C50),382,792631,198
75-84,Malignant neoplasm of breast (C50),409,556222,200
85+,Malignant neoplasm of breast (C50),315,212260,202
Unk,Malignant neoplasm of breast (C50),0,0,204
< 1,Malignant neoplasms of cervix uteri corpus uteri and ovary (C53-C56),0,147922,208
4-Jan,Malignant neoplasms of cervix uteri corpus uteri and ovary (C53-C56),0,580087,210
14-May,Malignant neoplasms of cervix uteri corpus uteri and ovary (C53-C56),0,1550154,212
15-24,Malignant neoplasms of cervix uteri corpus uteri and ovary (C53-C56),2,1593522,214
25-34,Malignant neoplasms of cervix uteri corpus uteri and ovary (C53-C56),8,1414429,216
35-44,Malignant neoplasms of cervix uteri corpus uteri and ovary (C53-C56),54,1585776,218
45-54,Malignant neoplasms of cervix uteri corpus uteri and ovary (C53-C56),134,1747772,220
55-64,Malignant neoplasms of cervix uteri corpus uteri and ovary (C53-C56),222,1319693,222
65-74,Malignant neoplasms of cervix uteri corpus uteri and ovary (C53-C56),268,792631,224
75-84,Malignant neoplasms of cervix uteri corpus uteri and ovary (C53-C56),282,556222,226
85+,Malignant neoplasms of cervix uteri corpus uteri and ovary (C53-C56),137,212260,228
Unk,Malignant neoplasms of cervix uteri corpus uteri and ovary (C53-C56),0,0,230
< 1,Malignant neoplasm of prostate (C61),0,147922,234
4-Jan,Malignant neoplasm of prostate (C61),0,580087,236
14-May,Malignant neoplasm of prostate (C61),0,1550154,238
15-24,Malignant neoplasm of prostate (C61),0,1593522,240
25-34,Malignant neoplasm of prostate (C61),0,1414429,242
35-44,Malignant neoplasm of prostate (C61),1,1585776,244
45-54,Malignant neoplasm of prostate (C61),20,1747772,246
55-64,Malignant neoplasm of prostate (C61),88,1319693,248
65-74,Malignant neoplasm of prostate (C61),259,792631,250
75-84,Malignant neoplasm of prostate (C61),492,556222,252
85+,Malignant neoplasm of prostate (C61),372,212260,254
Unk,Malignant neoplasm of prostate (C61),0,0,256
< 1,Malignant neoplasms of urinary tract (C64-C68),0,147922,260
4-Jan,Malignant neoplasms of urinary tract (C64-C68),0,580087,262
14-May,Malignant neoplasms of urinary tract (C64-C68),0,1550154,264
15-24,Malignant neoplasms of urinary tract (C64-C68),0,1593522,266
25-34,Malignant neoplasms of urinary tract (C64-C68),3,1414429,268
35-44,Malignant neoplasms of urinary tract (C64-C68),15,1585776,270
45-54,Malignant neoplasms of urinary tract (C64-C68),88,1747772,272
55-64,Malignant neoplasms of urinary tract (C64-C68),190,1319693,274
65-74,Malignant neoplasms of urinary tract (C64-C68),301,792631,276
75-84,Malignant neoplasms of urinary tract (C64-C68),402,556222,278
85+,Malignant neoplasms of urinary tract (C64-C68),258,212260,280
Unk,Malignant neoplasms of urinary tract (C64-C68),0,0,282
< 1,Non-Hodgkin’s lymphoma (C82-C85),0,147922,286
4-Jan,Non-Hodgkin’s lymphoma (C82-C85),0,580087,288
14-May,Non-Hodgkin’s lymphoma (C82-C85),2,1550154,290
15-24,Non-Hodgkin’s lymphoma (C82-C85),2,1593522,292
25-34,Non-Hodgkin’s lymphoma (C82-C85),9,1414429,294
35-44,Non-Hodgkin’s lymphoma (C82-C85),18,1585776,296
45-54,Non-Hodgkin’s lymphoma (C82-C85),64,1747772,298
55-64,Non-Hodgkin’s lymphoma (C82-C85),133,1319693,300
65-74,Non-Hodgkin’s lymphoma (C82-C85),225,792631,302
75-84,Non-Hodgkin’s lymphoma (C82-C85),319,556222,304
85+,Non-Hodgkin’s lymphoma (C82-C85),181,212260,306
Unk,Non-Hodgkin’s lymphoma (C82-C85),0,0,308
< 1,Leukemia (C91-C95),0,147922,312
4-Jan,Leukemia (C91-C95),4,580087,314
14-May,Leukemia (C91-C95),6,1550154,316
15-24,Leukemia (C91-C95),17,1593522,318
25-34,Leukemia (C91-C95),17,1414429,320
35-44,Leukemia (C91-C95),24,1585776,322
45-54,Leukemia (C91-C95),59,1747772,324
55-64,Leukemia (C91-C95),134,1319693,326
65-74,Leukemia (C91-C95),223,792631,328
75-84,Leukemia (C91-C95),304,556222,330
85+,Leukemia (C91-C95),203,212260,332
Unk,Leukemia (C91-C95),0,0,334
< 1,Other malignant neoplasms (C00-C15C17C22-C24C26-C32C37-C49C51-C52C57-C60C62-C63C69-C81C88C90C96-C97),2,147922,338
4-Jan,Other malignant neoplasms (C00-C15C17C22-C24C26-C32C37-C49C51-C52C57-C60C62-C63C69-C81C88C90C96-C97),11,580087,340
14-May,Other malignant neoplasms (C00-C15C17C22-C24C26-C32C37-C49C51-C52C57-C60C62-C63C69-C81C88C90C96-C97),21,1550154,342
15-24,Other malignant neoplasms (C00-C15C17C22-C24C26-C32C37-C49C51-C52C57-C60C62-C63C69-C81C88C90C96-C97),44,1593522,344
25-34,Other malignant neoplasms (C00-C15C17C22-C24C26-C32C37-C49C51-C52C57-C60C62-C63C69-C81C88C90C96-C97),59,1414429,346
35-44,Other malignant neoplasms (C00-C15C17C22-C24C26-C32C37-C49C51-C52C57-C60C62-C63C69-C81C88C90C96-C97),156,1585776,348
45-54,Other malignant neoplasms (C00-C15C17C22-C24C26-C32C37-C49C51-C52C57-C60C62-C63C69-C81C88C90C96-C97),668,1747772,350
55-64,Other malignant neoplasms (C00-C15C17C22-C24C26-C32C37-C49C51-C52C57-C60C62-C63C69-C81C88C90C96-C97),1225,1319693,352
65-74,Other malignant neoplasms (C00-C15C17C22-C24C26-C32C37-C49C51-C52C57-C60C62-C63C69-C81C88C90C96-C97),1326,792631,354
75-84,Other malignant neoplasms (C00-C15C17C22-C24C26-C32C37-C49C51-C52C57-C60C62-C63C69-C81C88C90C96-C97),1614,556222,356
85+,Other malignant neoplasms (C00-C15C17C22-C24C26-C32C37-C49C51-C52C57-C60C62-C63C69-C81C88C90C96-C97),826,212260,358
Unk,Other malignant neoplasms (C00-C15C17C22-C24C26-C32C37-C49C51-C52C57-C60C62-C63C69-C81C88C90C96-C97),0,0,360
< 1,Diabetes mellitus (E10-E14),0,147922,364
4-Jan,Diabetes mellitus (E10-E14),0,580087,366
14-May,Diabetes mellitus (E10-E14),0,1550154,368
15-24,Diabetes mellitus (E10-E14),9,1593522,370
25-34,Diabetes mellitus (E10-E14),26,1414429,372
35-44,Diabetes mellitus (E10-E14),80,1585776,374
45-54,Diabetes mellitus (E10-E14),290,1747772,376
55-64,Diabetes mellitus (E10-E14),536,1319693,378
65-74,Diabetes mellitus (E10-E14),803,792631,380
75-84,Diabetes mellitus (E10-E14),1173,556222,382
85+,Diabetes mellitus (E10-E14),797,212260,384
Unk,Diabetes mellitus (E10-E14),0,0,386
< 1,Alzheimer’s disease (G30),0,147922,390
4-Jan,Alzheimer’s disease (G30),0,580087,392
14-May,Alzheimer’s disease (G30),0,1550154,394
15-24,Alzheimer’s disease (G30),0,1593522,396
25-34,Alzheimer’s disease (G30),0,1414429,398
35-44,Alzheimer’s disease (G30),0,1585776,400
45-54,Alzheimer’s disease (G30),5,1747772,402
55-64,Alzheimer’s disease (G30),29,1319693,404
65-74,Alzheimer’s disease (G30),207,792631,406
75-84,Alzheimer’s disease (G30),1135,556222,408
85+,Alzheimer’s disease (G30),2283,212260,410
Unk,Alzheimer’s disease (G30),0,0,412
< 1,Hypertensive heart disease with or without renal disease (I11I13),0,147922,416
4-Jan,Hypertensive heart disease with or without renal disease (I11I13),1,580087,418
14-May,Hypertensive heart disease with or without renal disease (I11I13),0,1550154,420
15-24,Hypertensive heart disease with or without renal disease (I11I13),3,1593522,422
25-34,Hypertensive heart disease with or without renal disease (I11I13),17,1414429,424
35-44,Hypertensive heart disease with or without renal disease (I11I13),57,1585776,426
45-54,Hypertensive heart disease with or without renal disease (I11I13),202,1747772,428
55-64,Hypertensive heart disease with or without renal disease (I11I13),252,1319693,430
65-74,Hypertensive heart disease with or without renal disease (I11I13),265,792631,432
75-84,Hypertensive heart disease with or without renal disease (I11I13),401,556222,434
85+,Hypertensive heart disease with or without renal disease (I11I13),709,212260,436
Unk,Hypertensive heart disease with or without renal disease (I11I13),0,0,438
< 1,Ischemic heart diseases (I20-I25),1,147922,442
4-Jan,Ischemic heart diseases (I20-I25),2,580087,444
14-May,Ischemic heart diseases (I20-I25),1,1550154,446
15-24,Ischemic heart diseases (I20-I25),6,1593522,448
25-34,Ischemic heart diseases (I20-I25),52,1414429,450
35-44,Ischemic heart diseases (I20-I25),259,1585776,452
45-54,Ischemic heart diseases (I20-I25),1089,1747772,454
55-64,Ischemic heart diseases (I20-I25),2048,1319693,456
65-74,Ischemic heart diseases (I20-I25),2737,792631,458
75-84,Ischemic heart diseases (I20-I25),5365,556222,460
85+,Ischemic heart diseases (I20-I25),6830,212260,462
Unk,Ischemic heart diseases (I20-I25),0,0,464
< 1,Other diseases of heart (I00-I09I26-I51),8,147922,468
4-Jan,Other diseases of heart (I00-I09I26-I51),10,580087,470
14-May,Other diseases of heart (I00-I09I26-I51),6,1550154,472
15-24,Other diseases of heart (I00-I09I26-I51),30,1593522,474
25-34,Other diseases of heart (I00-I09I26-I51),71,1414429,476
35-44,Other diseases of heart (I00-I09I26-I51),145,1585776,478
45-54,Other diseases of heart (I00-I09I26-I51),350,1747772,480
55-64,Other diseases of heart (I00-I09I26-I51),532,1319693,482
65-74,Other diseases of heart (I00-I09I26-I51),789,792631,484
75-84,Other diseases of heart (I00-I09I26-I51),1843,556222,486
85+,Other diseases of heart (I00-I09I26-I51),2704,212260,488
Unk,Other diseases of heart (I00-I09I26-I51),0,0,490
< 1,Essential (primary) hypertension and hypertensive renal disease (I10I12),0,147922,494
4-Jan,Essential (primary) hypertension and hypertensive renal disease (I10I12),0,580087,496
14-May,Essential (primary) hypertension and hypertensive renal disease (I10I12),0,1550154,498
15-24,Essential (primary) hypertension and hypertensive renal disease (I10I12),0,1593522,500
25-34,Essential (primary) hypertension and hypertensive renal disease (I10I12),3,1414429,502
35-44,Essential (primary) hypertension and hypertensive renal disease (I10I12),19,1585776,504
45-54,Essential (primary) hypertension and hypertensive renal disease (I10I12),32,1747772,506
55-64,Essential (primary) hypertension and hypertensive renal disease (I10I12),85,1319693,508
65-74,Essential (primary) hypertension and hypertensive renal disease (I10I12),167,792631,510
75-84,Essential (primary) hypertension and hypertensive renal disease (I10I12),365,556222,512
85+,Essential (primary) hypertension and hypertensive renal disease (I10I12),540,212260,514
Unk,Essential (primary) hypertension and hypertensive renal disease (I10I12),0,0,516
< 1,Cerebrovascular diseases (I60-I69),4,147922,520
4-Jan,Cerebrovascular diseases (I60-I69),0,580087,522
14-May,Cerebrovascular diseases (I60-I69),4,1550154,524
15-24,Cerebrovascular diseases (I60-I69),10,1593522,526
25-34,Cerebrovascular diseases (I60-I69),20,1414429,528
35-44,Cerebrovascular diseases (I60-I69),86,1585776,530
45-54,Cerebrovascular diseases (I60-I69),234,1747772,532
55-64,Cerebrovascular diseases (I60-I69),425,1319693,534
65-74,Cerebrovascular diseases (I60-I69),777,792631,536
75-84,Cerebrovascular diseases (I60-I69),1738,556222,538
85+,Cerebrovascular diseases (I60-I69),2307,212260,540
Unk,Cerebrovascular diseases (I60-I69),0,0,542
< 1,Atherosclerosis (I70),0,147922,546
4-Jan,Atherosclerosis (I70),0,580087,548
14-May,Atherosclerosis (I70),0,1550154,550
15-24,Atherosclerosis (I70),0,1593522,552
25-34,Atherosclerosis (I70),0,1414429,554
35-44,Atherosclerosis (I70),1,1585776,556
45-54,Atherosclerosis (I70),7,1747772,558
55-64,Atherosclerosis (I70),19,1319693,560
65-74,Atherosclerosis (I70),30,792631,562
75-84,Atherosclerosis (I70),100,556222,564
85+,Atherosclerosis (I70),170,212260,566
Unk,Atherosclerosis (I70),0,0,568
< 1,Other diseases of circulatory system (I71-I78),0,147922,572
4-Jan,Other diseases of circulatory system (I71-I78),0,580087,574
14-May,Other diseases of circulatory system (I71-I78),1,1550154,576
15-24,Other diseases of circulatory system (I71-I78),2,1593522,578
25-34,Other diseases of circulatory system (I71-I78),4,1414429,580
35-44,Other diseases of circulatory system (I71-I78),19,1585776,582
45-54,Other diseases of circulatory system (I71-I78),55,1747772,584
55-64,Other diseases of circulatory system (I71-I78),102,1319693,586
65-74,Other diseases of circulatory system (I71-I78),176,792631,588
75-84,Other diseases of circulatory system (I71-I78),373,556222,590
85+,Other diseases of circulatory system (I71-I78),343,212260,592
Unk,Other diseases of circulatory system (I71-I78),0,0,594
< 1,Influenza and pneumonia (J09-J18),6,147922,598
4-Jan,Influenza and pneumonia (J09-J18),3,580087,600
14-May,Influenza and pneumonia (J09-J18),2,1550154,602
15-24,Influenza and pneumonia (J09-J18),4,1593522,604
25-34,Influenza and pneumonia (J09-J18),15,1414429,606
35-44,Influenza and pneumonia (J09-J18),21,1585776,608
45-54,Influenza and pneumonia (J09-J18),51,1747772,610
55-64,Influenza and pneumonia (J09-J18),98,1319693,612
65-74,Influenza and pneumonia (J09-J18),187,792631,614
75-84,Influenza and pneumonia (J09-J18),543,556222,616
85+,Influenza and pneumonia (J09-J18),798,212260,618
Unk,Influenza and pneumonia (J09-J18),0,0,620
< 1,Chronic lower respiratory diseases (J40-J47),1,147922,624
4-Jan,Chronic lower respiratory diseases (J40-J47),4,580087,626
14-May,Chronic lower respiratory diseases (J40-J47),5,1550154,628
15-24,Chronic lower respiratory diseases (J40-J47),9,1593522,630
25-34,Chronic lower respiratory diseases (J40-J47),13,1414429,632
35-44,Chronic lower respiratory diseases (J40-J47),38,1585776,634
45-54,Chronic lower respiratory diseases (J40-J47),233,1747772,636
55-64,Chronic lower respiratory diseases (J40-J47),647,1319693,638
65-74,Chronic lower respiratory diseases (J40-J47),1448,792631,640
75-84,Chronic lower respiratory diseases (J40-J47),2507,556222,642
85+,Chronic lower respiratory diseases (J40-J47),1524,212260,644
Unk,Chronic lower respiratory diseases (J40-J47),0,0,646
< 1,Peptic ulcer (K25-K28),0,147922,650
4-Jan,Peptic ulcer (K25-K28),0,580087,652
14-May,Peptic ulcer (K25-K28),0,1550154,654
15-24,Peptic ulcer (K25-K28),1,1593522,656
25-34,Peptic ulcer (K25-K28),2,1414429,658
35-44,Peptic ulcer (K25-K28),4,1585776,660
45-54,Peptic ulcer (K25-K28),14,1747772,662
55-64,Peptic ulcer (K25-K28),14,1319693,664
65-74,Peptic ulcer (K25-K28),23,792631,666
75-84,Peptic ulcer (K25-K28),46,556222,668
85+,Peptic ulcer (K25-K28),49,212260,670
Unk,Peptic ulcer (K25-K28),0,0,672
< 1,Chronic liver disease and cirrhosis (K70K73-K74),0,147922,676
4-Jan,Chronic liver disease and cirrhosis (K70K73-K74),0,580087,678
14-May,Chronic liver disease and cirrhosis (K70K73-K74),0,1550154,680
15-24,Chronic liver disease and cirrhosis (K70K73-K74),1,1593522,682
25-34,Chronic liver disease and cirrhosis (K70K73-K74),18,1414429,684
35-44,Chronic liver disease and cirrhosis (K70K73-K74),85,1585776,686
45-54,Chronic liver disease and cirrhosis (K70K73-K74),313,1747772,688
55-64,Chronic liver disease and cirrhosis (K70K73-K74),300,1319693,690
65-74,Chronic liver disease and cirrhosis (K70K73-K74),203,792631,692
75-84,Chronic liver disease and cirrhosis (K70K73-K74),180,556222,694
85+,Chronic liver disease and cirrhosis (K70K73-K74),51,212260,696
Unk,Chronic liver disease and cirrhosis (K70K73-K74),0,0,698
< 1,Nephritis nephrotic syndrome and nephrosis (N00-N07N17-N19N25-N27),5,147922,702
4-Jan,Nephritis nephrotic syndrome and nephrosis (N00-N07N17-N19N25-N27),1,580087,704
14-May,Nephritis nephrotic syndrome and nephrosis (N00-N07N17-N19N25-N27),0,1550154,706
15-24,Nephritis nephrotic syndrome and nephrosis (N00-N07N17-N19N25-N27),3,1593522,708
25-34,Nephritis nephrotic syndrome and nephrosis (N00-N07N17-N19N25-N27),6,1414429,710
35-44,Nephritis nephrotic syndrome and nephrosis (N00-N07N17-N19N25-N27),26,1585776,712
45-54,Nephritis nephrotic syndrome and nephrosis (N00-N07N17-N19N25-N27),90,1747772,714
55-64,Nephritis nephrotic syndrome and nephrosis (N00-N07N17-N19N25-N27),177,1319693,716
65-74,Nephritis nephrotic syndrome and nephrosis (N00-N07N17-N19N25-N27),291,792631,718
75-84,Nephritis nephrotic syndrome and nephrosis (N00-N07N17-N19N25-N27),566,556222,720
85+,Nephritis nephrotic syndrome and nephrosis (N00-N07N17-N19N25-N27),567,212260,722
Unk,Nephritis nephrotic syndrome and nephrosis (N00-N07N17-N19N25-N27),0,0,724
< 1,Pregnancy childbirth and the puerperium (O00-O99),0,147922,728
4-Jan,Pregnancy childbirth and the puerperium (O00-O99),0,580087,730
14-May,Pregnancy childbirth and the puerperium (O00-O99),0,1550154,732
15-24,Pregnancy childbirth and the puerperium (O00-O99),9,1593522,734
25-34,Pregnancy childbirth and the puerperium (O00-O99),13,1414429,736
35-44,Pregnancy childbirth and the puerperium (O00-O99),7,1585776,738
45-54,Pregnancy childbirth and the puerperium (O00-O99),3,1747772,740
55-64,Pregnancy childbirth and the puerperium (O00-O99),1,1319693,742
65-74,Pregnancy childbirth and the puerperium (O00-O99),0,792631,744
75-84,Pregnancy childbirth and the puerperium (O00-O99),0,556222,746
85+,Pregnancy childbirth and the puerperium (O00-O99),0,212260,748
Unk,Pregnancy childbirth and the puerperium (O00-O99),0,0,750
< 1,Certain conditions originating in the perinatal period (P00-P96),580,147922,754
4-Jan,Certain conditions originating in the perinatal period (P00-P96),3,580087,756
14-May,Certain conditions originating in the perinatal period (P00-P96),1,1550154,758
15-24,Certain conditions originating in the perinatal period (P00-P96),0,1593522,760
25-34,Certain conditions originating in the perinatal period (P00-P96),0,1414429,762
35-44,Certain conditions originating in the perinatal period (P00-P96),0,1585776,764
45-54,Certain conditions originating in the perinatal period (P00-P96),0,1747772,766
55-64,Certain conditions originating in the perinatal period (P00-P96),0,1319693,768
65-74,Certain conditions originating in the perinatal period (P00-P96),1,792631,770
75-84,Certain conditions originating in the perinatal period (P00-P96),1,556222,772
85+,Certain conditions originating in the perinatal period (P00-P96),0,212260,774
Unk,Certain conditions originating in the perinatal period (P00-P96),0,0,776
< 1,Congenital malformations deformations and chromosomal abnormalities (Q00-Q99),220,147922,780
4-Jan,Congenital malformations deformations and chromosomal abnormalities (Q00-Q99),21,580087,782
14-May,Congenital malformations deformations and chromosomal abnormalities (Q00-Q99),15,1550154,784
15-24,Congenital malformations deformations and chromosomal abnormalities (Q00-Q99),16,1593522,786
25-34,Congenital malformations deformations and chromosomal abnormalities (Q00-Q99),20,1414429,788
35-44,Congenital malformations deformations and chromosomal abnormalities (Q00-Q99),29,1585776,790
45-54,Congenital malformations deformations and chromosomal abnormalities (Q00-Q99),34,1747772,792
55-64,Congenital malformations deformations and chromosomal abnormalities (Q00-Q99),35,1319693,794
65-74,Congenital malformations deformations and chromosomal abnormalities (Q00-Q99),12,792631,796
75-84,Congenital malformations deformations and chromosomal abnormalities (Q00-Q99),25,556222,798
85+,Congenital malformations deformations and chromosomal abnormalities (Q00-Q99),15,212260,800
Unk,Congenital malformations deformations and chromosomal abnormalities (Q00-Q99),0,0,802
< 1,Sudden infant death syndrome (R95),88,147922,806
4-Jan,Sudden infant death syndrome (R95),0,580087,808
14-May,Sudden infant death syndrome (R95),0,1550154,810
15-24,Sudden infant death syndrome (R95),0,1593522,812
25-34,Sudden infant death syndrome (R95),0,1414429,814
35-44,Sudden infant death syndrome (R95),0,1585776,816
45-54,Sudden infant death syndrome (R95),0,1747772,818
55-64,Sudden infant death syndrome (R95),0,1319693,820
65-74,Sudden infant death syndrome (R95),0,792631,822
75-84,Sudden infant death syndrome (R95),0,556222,824
85+,Sudden infant death syndrome (R95),0,212260,826
Unk,Sudden infant death syndrome (R95),0,0,828
< 1,Symptoms signs and abnormal clinical and laboratory findings not elsewhere classified (excluding Sudden infant death syndrome) (R00-R94R96-R99),84,147922,832
4-Jan,Symptoms signs and abnormal clinical and laboratory findings not elsewhere classified (excluding Sudden infant death syndrome) (R00-R94R96-R99),11,580087,834
14-May,Symptoms signs and abnormal clinical and laboratory findings not elsewhere classified (excluding Sudden infant death syndrome) (R00-R94R96-R99),7,1550154,836
15-24,Symptoms signs and abnormal clinical and laboratory findings not elsewhere classified (excluding Sudden infant death syndrome) (R00-R94R96-R99),38,1593522,838
25-34,Symptoms signs and abnormal clinical and laboratory findings not elsewhere classified (excluding Sudden infant death syndrome) (R00-R94R96-R99),52,1414429,840
35-44,Symptoms signs and abnormal clinical and laboratory findings not elsewhere classified (excluding Sudden infant death syndrome) (R00-R94R96-R99),74,1585776,842
45-54,Symptoms signs and abnormal clinical and laboratory findings not elsewhere classified (excluding Sudden infant death syndrome) (R00-R94R96-R99),118,1747772,844
55-64,Symptoms signs and abnormal clinical and laboratory findings not elsewhere classified (excluding Sudden infant death syndrome) (R00-R94R96-R99),122,1319693,846
65-74,Symptoms signs and abnormal clinical and laboratory findings not elsewhere classified (excluding Sudden infant death syndrome) (R00-R94R96-R99),106,792631,848
75-84,Symptoms signs and abnormal clinical and laboratory findings not elsewhere classified (excluding Sudden infant death syndrome) (R00-R94R96-R99),174,556222,850
85+,Symptoms signs and abnormal clinical and laboratory findings not elsewhere classified (excluding Sudden infant death syndrome) (R00-R94R96-R99),300,212260,852
Unk,Symptoms signs and abnormal clinical and laboratory findings not elsewhere classified (excluding Sudden infant death syndrome) (R00-R94R96-R99),0,0,854
< 1,All other diseases (Residual) (A00-A09A20-A49A54-B19B25-B99D00-E07E15-G25G31-H93I80-J06J20-J39J60-K22K29-K66K71-K72K75-M99N10-N15N20-N23N28-N98U049U070U071),81,147922,858
4-Jan,All other diseases (Residual) (A00-A09A20-A49A54-B19B25-B99D00-E07E15-G25G31-H93I80-J06J20-J39J60-K22K29-K66K71-K72K75-M99N10-N15N20-N23N28-N98U049U070U071),38,580087,860
14-May,All other diseases (Residual) (A00-A09A20-A49A54-B19B25-B99D00-E07E15-G25G31-H93I80-J06J20-J39J60-K22K29-K66K71-K72K75-M99N10-N15N20-N23N28-N98U049U070U071),46,1550154,862
15-24,All other diseases (Residual) (A00-A09A20-A49A54-B19B25-B99D00-E07E15-G25G31-H93I80-J06J20-J39J60-K22K29-K66K71-K72K75-M99N10-N15N20-N23N28-N98U049U070U071),107,1593522,864
25-34,All other diseases (Residual) (A00-A09A20-A49A54-B19B25-B99D00-E07E15-G25G31-H93I80-J06J20-J39J60-K22K29-K66K71-K72K75-M99N10-N15N20-N23N28-N98U049U070U071),177,1414429,866
35-44,All other diseases (Residual) (A00-A09A20-A49A54-B19B25-B99D00-E07E15-G25G31-H93I80-J06J20-J39J60-K22K29-K66K71-K72K75-M99N10-N15N20-N23N28-N98U049U070U071),411,1585776,868
45-54,All other diseases (Residual) (A00-A09A20-A49A54-B19B25-B99D00-E07E15-G25G31-H93I80-J06J20-J39J60-K22K29-K66K71-K72K75-M99N10-N15N20-N23N28-N98U049U070U071),1032,1747772,870
55-64,All other diseases (Residual) (A00-A09A20-A49A54-B19B25-B99D00-E07E15-G25G31-H93I80-J06J20-J39J60-K22K29-K66K71-K72K75-M99N10-N15N20-N23N28-N98U049U070U071),1684,1319693,872
65-74,All other diseases (Residual) (A00-A09A20-A49A54-B19B25-B99D00-E07E15-G25G31-H93I80-J06J20-J39J60-K22K29-K66K71-K72K75-M99N10-N15N20-N23N28-N98U049U070U071),2491,792631,874
75-84,All other diseases (Residual) (A00-A09A20-A49A54-B19B25-B99D00-E07E15-G25G31-H93I80-J06J20-J39J60-K22K29-K66K71-K72K75-M99N10-N15N20-N23N28-N98U049U070U071),5318,556222,876
85+,All other diseases (Residual) (A00-A09A20-A49A54-B19B25-B99D00-E07E15-G25G31-H93I80-J06J20-J39J60-K22K29-K66K71-K72K75-M99N10-N15N20-N23N28-N98U049U070U071),6686,212260,878
Unk,All other diseases (Residual) (A00-A09A20-A49A54-B19B25-B99D00-E07E15-G25G31-H93I80-J06J20-J39J60-K22K29-K66K71-K72K75-M99N10-N15N20-N23N28-N98U049U070U071),0,0,880
< 1,Motor vehicle accidents (V02-V04V09.0V09.2V12-V14V19.0-V19.2V19.4-V19.6V20-V79V80.3-V80.5V81.0-V81.1V82.0-V82.1V83-V86V87.0-V87.8V88.0-V88.8V89.0V89.2),4,147922,884
4-Jan,Motor vehicle accidents (V02-V04V09.0V09.2V12-V14V19.0-V19.2V19.4-V19.6V20-V79V80.3-V80.5V81.0-V81.1V82.0-V82.1V83-V86V87.0-V87.8V88.0-V88.8V89.0V89.2),13,580087,886
14-May,Motor vehicle accidents (V02-V04V09.0V09.2V12-V14V19.0-V19.2V19.4-V19.6V20-V79V80.3-V80.5V81.0-V81.1V82.0-V82.1V83-V86V87.0-V87.8V88.0-V88.8V89.0V89.2),20,1550154,888
15-24,Motor vehicle accidents (V02-V04V09.0V09.2V12-V14V19.0-V19.2V19.4-V19.6V20-V79V80.3-V80.5V81.0-V81.1V82.0-V82.1V83-V86V87.0-V87.8V88.0-V88.8V89.0V89.2),312,1593522,890
25-34,Motor vehicle accidents (V02-V04V09.0V09.2V12-V14V19.0-V19.2V19.4-V19.6V20-V79V80.3-V80.5V81.0-V81.1V82.0-V82.1V83-V86V87.0-V87.8V88.0-V88.8V89.0V89.2),236,1414429,892
35-44,Motor vehicle accidents (V02-V04V09.0V09.2V12-V14V19.0-V19.2V19.4-V19.6V20-V79V80.3-V80.5V81.0-V81.1V82.0-V82.1V83-V86V87.0-V87.8V88.0-V88.8V89.0V89.2),204,1585776,894
45-54,Motor vehicle accidents (V02-V04V09.0V09.2V12-V14V19.0-V19.2V19.4-V19.6V20-V79V80.3-V80.5V81.0-V81.1V82.0-V82.1V83-V86V87.0-V87.8V88.0-V88.8V89.0V89.2),176,1747772,896
55-64,Motor vehicle accidents (V02-V04V09.0V09.2V12-V14V19.0-V19.2V19.4-V19.6V20-V79V80.3-V80.5V81.0-V81.1V82.0-V82.1V83-V86V87.0-V87.8V88.0-V88.8V89.0V89.2),162,1319693,898
65-74,Motor vehicle accidents (V02-V04V09.0V09.2V12-V14V19.0-V19.2V19.4-V19.6V20-V79V80.3-V80.5V81.0-V81.1V82.0-V82.1V83-V86V87.0-V87.8V88.0-V88.8V89.0V89.2),75,792631,900
75-84,Motor vehicle accidents (V02-V04V09.0V09.2V12-V14V19.0-V19.2V19.4-V19.6V20-V79V80.3-V80.5V81.0-V81.1V82.0-V82.1V83-V86V87.0-V87.8V88.0-V88.8V89.0V89.2),114,556222,902
85+,Motor vehicle accidents (V02-V04V09.0V09.2V12-V14V19.0-V19.2V19.4-V19.6V20-V79V80.3-V80.5V81.0-V81.1V82.0-V82.1V83-V86V87.0-V87.8V88.0-V88.8V89.0V89.2),41,212260,904
Unk,Motor vehicle accidents (V02-V04V09.0V09.2V12-V14V19.0-V19.2V19.4-V19.6V20-V79V80.3-V80.5V81.0-V81.1V82.0-V82.1V83-V86V87.0-V87.8V88.0-V88.8V89.0V89.2),0,0,906
< 1,All other and unspecified accidents and adverse effects (V01V05-V06V09.1V09.3-V09.9V10-V11V15-V18V19.3V19.8-V19.9V80.0-V80.2V80.6-V80.9V81.2-V81.9V82.2-V82.9V87.9V88.9V89.1V89.3V89.9V90-X59Y40-Y86Y88),63,147922,910
4-Jan,All other and unspecified accidents and adverse effects (V01V05-V06V09.1V09.3-V09.9V10-V11V15-V18V19.3V19.8-V19.9V80.0-V80.2V80.6-V80.9V81.2-V81.9V82.2-V82.9V87.9V88.9V89.1V89.3V89.9V90-X59Y40-Y86Y88),38,580087,912
14-May,All other and unspecified accidents and adverse effects (V01V05-V06V09.1V09.3-V09.9V10-V11V15-V18V19.3V19.8-V19.9V80.0-V80.2V80.6-V80.9V81.2-V81.9V82.2-V82.9V87.9V88.9V89.1V89.3V89.9V90-X59Y40-Y86Y88),35,1550154,914
15-24,All other and unspecified accidents and adverse effects (V01V05-V06V09.1V09.3-V09.9V10-V11V15-V18V19.3V19.8-V19.9V80.0-V80.2V80.6-V80.9V81.2-V81.9V82.2-V82.9V87.9V88.9V89.1V89.3V89.9V90-X59Y40-Y86Y88),209,1593522,916
25-34,All other and unspecified accidents and adverse effects (V01V05-V06V09.1V09.3-V09.9V10-V11V15-V18V19.3V19.8-V19.9V80.0-V80.2V80.6-V80.9V81.2-V81.9V82.2-V82.9V87.9V88.9V89.1V89.3V89.9V90-X59Y40-Y86Y88),320,1414429,918
35-44,All other and unspecified accidents and adverse effects (V01V05-V06V09.1V09.3-V09.9V10-V11V15-V18V19.3V19.8-V19.9V80.0-V80.2V80.6-V80.9V81.2-V81.9V82.2-V82.9V87.9V88.9V89.1V89.3V89.9V90-X59Y40-Y86Y88),485,1585776,920
45-54,All other and unspecified accidents and adverse effects (V01V05-V06V09.1V09.3-V09.9V10-V11V15-V18V19.3V19.8-V19.9V80.0-V80.2V80.6-V80.9V81.2-V81.9V82.2-V82.9V87.9V88.9V89.1V89.3V89.9V90-X59Y40-Y86Y88),653,1747772,922
55-64,All other and unspecified accidents and adverse effects (V01V05-V06V09.1V09.3-V09.9V10-V11V15-V18V19.3V19.8-V19.9V80.0-V80.2V80.6-V80.9V81.2-V81.9V82.2-V82.9V87.9V88.9V89.1V89.3V89.9V90-X59Y40-Y86Y88),325,1319693,924
65-74,All other and unspecified accidents and adverse effects (V01V05-V06V09.1V09.3-V09.9V10-V11V15-V18V19.3V19.8-V19.9V80.0-V80.2V80.6-V80.9V81.2-V81.9V82.2-V82.9V87.9V88.9V89.1V89.3V89.9V90-X59Y40-Y86Y88),265,792631,926
75-84,All other and unspecified accidents and adverse effects (V01V05-V06V09.1V09.3-V09.9V10-V11V15-V18V19.3V19.8-V19.9V80.0-V80.2V80.6-V80.9V81.2-V81.9V82.2-V82.9V87.9V88.9V89.1V89.3V89.9V90-X59Y40-Y86Y88),492,556222,928
85+,All other and unspecified accidents and adverse effects (V01V05-V06V09.1V09.3-V09.9V10-V11V15-V18V19.3V19.8-V19.9V80.0-V80.2V80.6-V80.9V81.2-V81.9V82.2-V82.9V87.9V88.9V89.1V89.3V89.9V90-X59Y40-Y86Y88),656,212260,930
Unk,All other and unspecified accidents and adverse effects (V01V05-V06V09.1V09.3-V09.9V10-V11V15-V18V19.3V19.8-V19.9V80.0-V80.2V80.6-V80.9V81.2-V81.9V82.2-V82.9V87.9V88.9V89.1V89.3V89.9V90-X59Y40-Y86Y88),0,0,932
< 1,Intentional self-harm (suicide) (*U03X60-X84Y87.0),0,147922,936
4-Jan,Intentional self-harm (suicide) (*U03X60-X84Y87.0),0,580087,938
14-May,Intentional self-harm (suicide) (*U03X60-X84Y87.0),8,1550154,940
15-24,Intentional self-harm (suicide) (*U03X60-X84Y87.0),166,1593522,942
25-34,Intentional self-harm (suicide) (*U03X60-X84Y87.0),193,1414429,944
35-44,Intentional self-harm (suicide) (*U03X60-X84Y87.0),252,1585776,946
45-54,Intentional self-harm (suicide) (*U03X60-X84Y87.0),283,1747772,948
55-64,Intentional self-harm (suicide) (*U03X60-X84Y87.0),190,1319693,950
65-74,Intentional self-harm (suicide) (*U03X60-X84Y87.0),80,792631,952
75-84,Intentional self-harm (suicide) (*U03X60-X84Y87.0),71,556222,954
85+,Intentional self-harm (suicide) (*U03X60-X84Y87.0),25,212260,956
Unk,Intentional self-harm (suicide) (*U03X60-X84Y87.0),0,0,958
< 1,Assault (homicide) (*U01-*U02X85-Y09Y87.1),11,147922,962
4-Jan,Assault (homicide) (*U01-*U02X85-Y09Y87.1),25,580087,964
14-May,Assault (homicide) (*U01-*U02X85-Y09Y87.1),10,1550154,966
15-24,Assault (homicide) (*U01-*U02X85-Y09Y87.1),160,1593522,968
25-34,Assault (homicide) (*U01-*U02X85-Y09Y87.1),174,1414429,970
35-44,Assault (homicide) (*U01-*U02X85-Y09Y87.1),103,1585776,972
45-54,Assault (homicide) (*U01-*U02X85-Y09Y87.1),97,1747772,974
55-64,Assault (homicide) (*U01-*U02X85-Y09Y87.1),25,1319693,976
65-74,Assault (homicide) (*U01-*U02X85-Y09Y87.1),18,792631,978
75-84,Assault (homicide) (*U01-*U02X85-Y09Y87.1),9,556222,980
85+,Assault (homicide) (*U01-*U02X85-Y09Y87.1),3,212260,982
Unk,Assault (homicide) (*U01-*U02X85-Y09Y87.1),0,0,984
< 1,All other external causes (Y10-Y36Y87.2Y89),5,147922,988
4-Jan,All other external causes (Y10-Y36Y87.2Y89),0,580087,990
14-May,All other external causes (Y10-Y36Y87.2Y89),0,1550154,992
15-24,All other external causes (Y10-Y36Y87.2Y89),13,1593522,994
25-34,All other external causes (Y10-Y36Y87.2Y89),7,1414429,996
35-44,All other external causes (Y10-Y36Y87.2Y89),18,1585776,998
45-54,All other external causes (Y10-Y36Y87.2Y89),27,1747772,1000
55-64,All other external causes (Y10-Y36Y87.2Y89),8,1319693,1002
65-74,All other external causes (Y10-Y36Y87.2Y89),2,792631,1004
75-84,All other external causes (Y10-Y36Y87.2Y89),5,556222,1006
85+,All other external causes (Y10-Y36Y87.2Y89),1,212260,1008
Unk,All other external causes (Y10-Y36Y87.2Y89),0,0,1010
